letter,frequency
A,0.08167,0.02
B,0.01492,0.02
C,0.02782,0.02
D,0.04253,0.02
E,0.12702,0.02
F,0.02288,0.02
G,0.02015,0.02
H,0.06094,0.02
I,0.06966,0.02
J,0.00153,0.02
K,0.00772,0.02
L,0.04025,0.02
M,0.02406,0.02
N,0.06749,0.02
O,0.07507,0.02
P,0.01929,0.02
Q,0.00095,0.02
R,0.05987,0.02
S,0.06327,0.02
T,0.09056,0.02
U,0.02758,0.02
V,0.00978,0.02
W,0.0236,0.02
X,0.0015,0.02
Y,0.01974,0.02
Z,0.00074,0.02
